{
  "0.0": {
    "bezier_control_points_mm": [
      [
        3.180722891566265,
        -36.963855421686745
      ],
      [
        2.145381587512058,
        -24.642570281124495
      ],
      [
        0.9282396160502817,
        -12.32128514056225
      ],
      [
        0.0,
        0.0
      ]
    ],
    "base_width_mm": 4.0
  },
  "10.0": {
    "bezier_control_points_mm": [
      [
        -1.783132530120482,
        -36.963855421686745
      ],
      [
        0.2819324098951497,
        -24.642570281124495
      ],
      [
        0.21570855000065575,
        -12.32128514056225
      ],
      [
        0.0,
        0.0
      ]
    ],
    "base_width_mm": 4.0
  },
  "15.0": {
    "bezier_control_points_mm": [
      [
        -4.313253012048193,
        -36.963855421686745
      ],
      [
        -0.7883823357339148,
        -24.642570281124495
      ],
      [
        -0.17304947955096164,
        -12.32128514056225
      ],
      [
        0.0,
        0.0
      ]
    ],
    "base_width_mm": 4.0
  },
  "20.0": {
    "bezier_control_points_mm": [
      [
        -6.481927710843373,
        -36.963855421686745
      ],
      [
        -2.2469211337983603,
        -24.642570281124495
      ],
      [
        -0.2655646288751212,
        -12.32128514056225
      ],
      [
        0.0,
        0.0
      ]
    ],
    "base_width_mm": 4.0
  },
  "5.0": {
    "bezier_control_points_mm": [
      [
        0.7901234567901234,
        -37.876543209876544
      ],
      [
        1.2024833986771442,
        -25.25102880658436
      ],
      [
        0.694096079972558,
        -12.625514403292183
      ],
      [
        0.0,
        0.0
      ]
    ],
    "base_width_mm": 4.0
  }
}